Gender,City,Month Salary,Debt,Code
1,Vilnius,2622,2259001,20
1,Klaipeda,1253,1074214,30
1,Klaipeda,1099,576247,30
1,Klaipeda,1460,1553825,30
1,Vilnius,2354,2616471,20
1,Vilnius,2247,2386569,20
1,Vilnius,2856,2496375,20
1,Kaunas,1949,2284057,10
1,Vilnius,2204,3037988,20
1,Klaipeda,1095,684784,30
1,Vilnius,2590,1298615,20
1,Vilnius,2386,3303646,20
1,Klaipeda,1268,957289,30
1,Klaipeda,1296,764827,30
1,Klaipeda,1408,1895959,30
1,Kaunas,1610,2234155,10
1,Kaunas,2179,1391157,10
1,Kaunas,1552,1476346,10
1,Kaunas,2289,2108699,10
1,Klaipeda,1318,949799,30
1,Kaunas,1931,1415589,10
1,Kaunas,1627,995107,10
1,Klaipeda,1104,653066,30
1,Kaunas,2101,2345130,10
1,Vilnius,2424,2425868,20
1,Kaunas,1709,1498001,10
1,Vilnius,2484,2318223,20
1,Kaunas,2167,1756899,10
1,Klaipeda,1291,748907,30
1,Vilnius,2755,4125009,20
1,Kaunas,1743,1499871,10
1,Klaipeda,1345,1302385,30
1,Kaunas,1716,1892989,10
1,Vilnius,2418,3561463,20
1,Klaipeda,1234,972731,30
1,Vilnius,2042,1758861,20
1,Vilnius,2711,1722113,20
1,Vilnius,2247,1974317,20
1,Kaunas,2398,2254132,10
1,Klaipeda,1170,1612053,30
1,Vilnius,2655,3923852,20
1,Klaipeda,1286,1806954,30
1,Kaunas,1980,1201891,10
1,Kaunas,1616,1450521,10
1,Vilnius,2775,3594707,20
1,Kaunas,1991,2444749,10
1,Klaipeda,1475,939799,30
1,Vilnius,2711,2332808,20
1,Vilnius,2689,3221520,20
1,Klaipeda,1388,1061332,30
1,Vilnius,2022,1181773,20
1,Kaunas,1576,2320624,10
1,Kaunas,2345,3499617,10
1,Vilnius,2574,3532268,20
1,Vilnius,2360,2085871,20
1,Vilnius,2399,1666714,20
1,Kaunas,2493,42049816,10
1,Kaunas,1623,598600050,10
1,Kaunas,1957,1902753,10
1,Vilnius,2695,3674346,20
1,Kaunas,2050,1099747,10
1,Kaunas,1571,1475877,10
1,Klaipeda,1257,884946,30
1,Kaunas,2229,2354058,10
1,Kaunas,1876,1238943,10
1,Kaunas,2081,1368995,10
1,Kaunas,1833,2148703,10
1,Vilnius,2212,3265949,20
1,Klaipeda,1474,1837389,30
1,Klaipeda,1182,1768611,30
1,Vilnius,2016,2607477,20
1,Kaunas,1534,2103249,10
1,Klaipeda,1388,1335581,30
1,Kaunas,2291,1628056,10
1,Klaipeda,1281,804671,30
1,Vilnius,2388,1242646,20
1,Vilnius,2616,2376822,20
1,Kaunas,1892,2114626,10
1,Klaipeda,1247,804037,30
1,Kaunas,2486,2902338,10
1,Kaunas,1840,1480985,10
1,Vilnius,2014,2709133,20
1,Kaunas,2331,1351535,10
1,Vilnius,2200,1415026,20
1,Vilnius,2825,3483243,20
1,Kaunas,2201,1208762,10
1,Klaipeda,1061,1453249,30
1,Klaipeda,1368,1130027,30
1,Vilnius,2735,3292724,20
1,Kaunas,2199,2550955,10
1,Klaipeda,1000,973342,30
1,Vilnius,2268,1852086,20
1,Kaunas,2066,1215130,10
1,Klaipeda,1038,1497413,30
1,Klaipeda,1182,1236315,30
1,Klaipeda,1017,717220,30
1,Vilnius,2363,1323787,20
1,Klaipeda,1367,826288,30
1,Klaipeda,1324,1499644,30
1,Vilnius,2368,2139182,20
1,Vilnius,2124,2172788,20
1,Kaunas,2358,1964124,10
1,Kaunas,2123,1368847,10
1,Kaunas,1577,1210167,10
1,Kaunas,1775,2195300,10
1,Vilnius,2462,1862662,20
1,Kaunas,1834,1405353,10
1,Vilnius,2722,1948119,20
1,Klaipeda,1348,1905054,30
1,Kaunas,2463,2362173,10
1,Vilnius,2448,2100902,20
1,Kaunas,1748,2466273,10
1,Klaipeda,1421,1842653,30
1,Klaipeda,1379,1247009,30
1,Klaipeda,1437,876814,30
1,Vilnius,2733,2351620,20
1,Vilnius,2875,2259060,20
1,Kaunas,2177,2867965,10
1,Kaunas,1914,2038753,10
1,Klaipeda,1034,1044079,30
1,Kaunas,1946,1672548,10
1,Vilnius,2429,2110532,20
1,Kaunas,2009,1577947,10
1,Klaipeda,1230,1246891,30
1,Vilnius,2524,2899192,20
1,Kaunas,2373,1527699,10
1,Kaunas,2220,2392175,10
1,Kaunas,2267,2656318,10
1,Klaipeda,1284,839941,30
1,Kaunas,2489,2420607,10
1,Klaipeda,1389,1248016,30
1,Vilnius,2569,2251007,20
1,Vilnius,2839,2985848,20
1,Kaunas,2477,1244780,10
1,Vilnius,2032,2375416,20
1,Klaipeda,1155,1190102,30
1,Kaunas,2034,2619543,10
1,Klaipeda,1096,1175841,30
1,Klaipeda,1133,1632364,30
1,Klaipeda,1267,1467221,30
1,Kaunas,1984,1684680,10
1,Vilnius,2837,3490938,20
1,Klaipeda,1188,1707230,30
1,Vilnius,2993,2032350,20
1,Klaipeda,1182,647217,30
1,Klaipeda,1340,1499131,30
1,Kaunas,1533,1663772,10
1,Vilnius,2503,3151402,20
1,Vilnius,2423,1719921,20
1,Kaunas,1778,1542532,10
1,Kaunas,2292,1412139,10
1,Vilnius,2979,1937199,20
1,Klaipeda,1238,1658631,30
1,Kaunas,2043,1499424,10
1,Vilnius,2210,1918688,20
1,Vilnius,2689,2525841,20
1,Vilnius,2391,2845387,20
1,Klaipeda,,1698937,30
1,Kaunas,1566,1291671,10
1,Kaunas,1759,1015702,10
1,Klaipeda,1097,749269,30
1,Klaipeda,1416,1056522,30
1,Klaipeda,1326,996028,30
1,Vilnius,2052,2323290,20
1,Kaunas,1785,1729402,10
1,Vilnius,2942,3361617,20
1,Kaunas,1933,2266663,10
1,Kaunas,1972,1705454,10
1,Vilnius,2628,1584834,20
1,Klaipeda,1231,753205,30
1,Klaipeda,1491,1279182,30
1,Vilnius,2064,2471392,20
1,Vilnius,2161,1206190,20
1,Kaunas,1977,2670348,10
1,Vilnius,2737,3582461,20
1,Vilnius,2693,3608884,20
1,Vilnius,2981,4267320,20
1,Vilnius,2494,3365461,20
1,Kaunas,2245,2844204,10
1,Vilnius,2078,2266008,20
1,Kaunas,2440,2426471,10
1,Klaipeda,1407,1415647,30
1,Kaunas,2347,2846161,10
1,Kaunas,2456,3659205,10
1,Klaipeda,1183,1652356,30
1,Kaunas,1634,2079295,10
1,Kaunas,2208,1490799,10
1,Klaipeda,1007,680194,30
1,Vilnius,2409,2940596,20
1,Klaipeda,1045,1456398,30
1,Kaunas,1616,1953289,10
1,Klaipeda,1033,528979,30
1,Klaipeda,1322,1453650,30
1,Klaipeda,1193,760304,30
1,Klaipeda,1062,1214864,30
1,Kaunas,1665,1373599,10
1,Kaunas,2021,2731850,10
1,Vilnius,2165,1424993,20
1,Klaipeda,1003,1416302,30
1,Vilnius,2540,3662599,20
1,Klaipeda,1379,1170311,30
1,Vilnius,2615,2143690,20
1,Kaunas,2063,1352989,10
1,Vilnius,2100,1567722,20
1,Kaunas,2183,2960708,10
1,Vilnius,2752,3831351,20
1,Kaunas,2233,2653612,10
1,Kaunas,1964,2740411,10
1,Klaipeda,1111,1169636,30
1,Klaipeda,1021,1257363,30
1,Kaunas,2088,1450806,10
1,Vilnius,2499,1302958,20
1,Vilnius,2512,1932370,20
1,Vilnius,2838,2832223,20
1,Vilnius,2964,2127020,20
1,Klaipeda,1281,1521172,30
1,Kaunas,1598,2235905,10
1,Vilnius,2644,1363666,20
1,Kaunas,2130,2677896,10
1,Vilnius,2963,2993405,20
1,Klaipeda,1460,1791701,30
1,Kaunas,1600,1747817,10
1,Vilnius,2901,2295441,20
1,Kaunas,1971,2246474,10
1,Vilnius,2929,1927702,20
1,Klaipeda,1329,1718376,30
1,Kaunas,2174,2659058,10
1,Vilnius,2570,2970366,20
1,Kaunas,2205,3295172,10
1,Klaipeda,1284,1399177,30
1,Vilnius,2025,1490110,20
1,Vilnius,2704,1845504,20
1,Vilnius,2716,3108706,20
1,Klaipeda,1308,839804,30
1,Klaipeda,1133,994148,30
1,Klaipeda,1200,1772730,30
1,Klaipeda,1146,665041,30
1,Vilnius,2049,1892588,20
1,Vilnius,2976,1811179,20
1,Kaunas,2466,2097501,10
1,Kaunas,2009,2100839,10
1,Vilnius,2248,1987662,20
1,Vilnius,2514,3119652,20
1,Kaunas,2396,2623415,10
1,Vilnius,2973,1801184,20
1,Kaunas,1638,2237006,10
1,Klaipeda,1118,1422609,30
1,Klaipeda,1023,860231,30
1,Vilnius,2603,3395456,20
1,Kaunas,2243,1293928,10
1,Klaipeda,1380,2042480,30
1,Kaunas,1552,1686106,10
1,Vilnius,2904,1735074,20
1,Vilnius,2793,3335241,20
1,Vilnius,2980,1650465,20
1,Vilnius,2590,3339841,20
1,Klaipeda,1156,935105,30
1,Vilnius,2827,2701983,20
1,Vilnius,2006,1720518,20
1,Klaipeda,1428,1657536,30
1,Klaipeda,1059,605422,30
1,Vilnius,2252,2078107,20
1,Klaipeda,1354,1917397,30
1,Vilnius,2210,1625277,20
1,Klaipeda,1201,1527874,30
1,Vilnius,2781,2097947,20
1,Vilnius,2418,2751542,20
1,Klaipeda,1070,989241,30
1,Kaunas,1612,2289451,10
1,Vilnius,2779,2297825,20
1,Kaunas,2065,2541650,10
1,Klaipeda,1495,1161743,30
1,Vilnius,2790,1621153,20
1,Klaipeda,1333,1388617,30
1,Klaipeda,1304,1618408,30
1,Klaipeda,1348,1256801,30
1,Kaunas,2358,3510912,10
1,Kaunas,2425,2470542,10
1,Kaunas,1808,2429525,10
1,Vilnius,2536,2258652,20
1,Kaunas,2044,1543650,10
1,Kaunas,1507,1031376,10
1,Kaunas,2311,2823359,10
1,Klaipeda,1218,637689,30
1,Vilnius,2485,3465718,20
1,Kaunas,2417,3525825,10
1,Vilnius,2674,3967475,20
1,Klaipeda,1250,1199818,30
1,Vilnius,2542,2026756,20
1,Klaipeda,1451,1325884,30
1,Kaunas,1517,1134113,10
1,Kaunas,2235,2120497,10
1,Vilnius,2633,1847696,20
1,Vilnius,2955,2283058,20
1,Kaunas,1873,1908393,10
1,Kaunas,2289,2584115,10
1,Vilnius,2328,1706326,20
1,Kaunas,1644,1447435,10
1,Kaunas,1998,2587182,10
1,Klaipeda,1447,1422811,30
1,Vilnius,2316,2314125,20
1,Kaunas,2017,2381180,10
1,Klaipeda,1382,1324322,30
1,Vilnius,2346,1409642,20
1,Vilnius,2483,3121027,20
1,Klaipeda,1031,674045,30
1,Kaunas,2097,2289483,10
1,Kaunas,1914,2515345,10
1,Vilnius,2250,1825216,20
1,Klaipeda,1356,1969634,30
1,Klaipeda,1436,766079,30
1,Klaipeda,1307,740058,30
1,Vilnius,2084,2605526,20
1,Vilnius,2201,2769018,20
1,Vilnius,2319,2291469,20
1,Klaipeda,,546825,30
1,Vilnius,2819,3602700,20
1,Klaipeda,1477,1718652,30
1,Vilnius,2294,3406068,20
1,Kaunas,1826,1508673,10
1,Klaipeda,1286,853274,30
1,Vilnius,2477,2654205,20
1,Kaunas,1808,1768748,10
1,Vilnius,2973,3835002,20
1,Kaunas,2171,2441260,10
1,Vilnius,2507,1452102,20
1,Klaipeda,1288,741265,30
1,Kaunas,1789,1334360,10
1,Vilnius,2425,2950791,20
1,Kaunas,2228,2432531,10
1,Vilnius,2244,2258791,20
1,Kaunas,2141,1715426,10
1,Kaunas,1734,2205043,10
1,Kaunas,2003,2255642,10
1,Kaunas,1798,1984967,10
1,Kaunas,2088,1972238,10
1,Vilnius,2356,1373680,20
1,Vilnius,2844,1663512,20
1,Kaunas,2143,1491582,10
1,Vilnius,2017,1790405,20
1,Kaunas,1954,1568006,10
1,Vilnius,2249,1545504,20
1,Vilnius,2250,2121952,20
1,Kaunas,1646,1476452,10
1,Kaunas,2459,1899690,10
1,Klaipeda,1347,1789143,30
1,Kaunas,2043,2754124,10
1,Klaipeda,1314,946295,30
1,Vilnius,2661,1927382,20
1,Kaunas,2163,2948906,10
1,Klaipeda,1025,1009813,30
1,Kaunas,2420,2142389,10
1,Vilnius,2483,2807209,20
1,Klaipeda,1498,1139301,30
1,Klaipeda,1412,1685080,30
1,Klaipeda,1397,1945319,30
1,Klaipeda,1191,1378985,30
1,Klaipeda,1387,1686045,30
1,Klaipeda,1172,876323,30
1,Kaunas,2189,2336579,10
1,Vilnius,2648,2595402,20
1,Klaipeda,1250,851552,30
1,Vilnius,2491,1256047,20
1,Klaipeda,1036,1509357,30
1,Vilnius,2059,1143088,20
1,Klaipeda,1083,1401708,30
1,Vilnius,2379,2628268,20
1,Vilnius,2540,2512373,20
1,Kaunas,1519,1598554,10
1,Vilnius,2857,2093132,20
1,Klaipeda,1373,1700380,30
1,Vilnius,2823,2689607,20
1,Klaipeda,1426,2019787,30
1,Vilnius,2650,3846687,20
1,Vilnius,2993,1738659,20
1,Klaipeda,1465,892780,30
1,Klaipeda,1125,1350193,30
1,Vilnius,2425,3007615,20
1,Vilnius,2565,2746275,20
1,Klaipeda,1103,1341514,30
1,Kaunas,2007,2678666,10
1,Vilnius,2233,1194901,20
1,Klaipeda,1016,1025764,30
1,Kaunas,1625,1260675,10
1,Klaipeda,1098,1571999,30
1,Vilnius,2456,1251193,20
1,Kaunas,2079,2616314,10
1,Klaipeda,1470,1347947,30
1,Kaunas,1744,2241617,10
1,Vilnius,2656,2019926,20
1,Klaipeda,1003,1189795,30
1,Kaunas,1623,2418168,10
1,Klaipeda,1372,1708204,30
1,Klaipeda,1148,635306,30
1,Kaunas,1808,1159968,10
1,Kaunas,2320,3124761,10
1,Kaunas,1933,2742204,10
1,Vilnius,2620,1310075,20
1,Klaipeda,1030,1297446,30
1,Vilnius,2775,3275827,20
1,Kaunas,1849,2133178,10
1,Vilnius,2219,1591886,20
1,Kaunas,2378,1221617,10
1,Kaunas,1786,2023074,10
1,Klaipeda,1094,935070,30
1,Vilnius,2912,3759686,20
1,Kaunas,2161,1510876,10
1,Vilnius,2949,3265680,20
1,Kaunas,1843,2444869,10
1,Kaunas,2256,2275023,10
1,Vilnius,2470,2258971,20
1,Klaipeda,1114,1357977,30
1,Vilnius,2691,1977285,20
1,Klaipeda,1308,1077342,30
1,Klaipeda,1099,1553538,30
1,Kaunas,2114,1499575,10
1,Kaunas,2401,2888751,10
1,Klaipeda,1074,769057,30
1,Kaunas,1917,2841360,10
1,Klaipeda,1321,1928214,30
1,Kaunas,1773,1324303,10
1,Vilnius,2245,1478577,20
1,Vilnius,2286,3197748,20
1,Kaunas,2191,2398239,10
1,Klaipeda,1157,1647000,30
1,Klaipeda,1273,1275085,30
1,Vilnius,2977,1552179,20
1,Klaipeda,1296,1738556,30
1,Kaunas,1870,2610307,10
1,Vilnius,2184,2984985,20
1,Klaipeda,1387,1336990,30
1,Vilnius,2727,3386667,20
1,Vilnius,2998,3980068,20
1,Vilnius,2513,3069092,20
1,Kaunas,2427,2447895,10
1,Kaunas,1784,2289685,10
1,Klaipeda,1500,2229157,30
1,Vilnius,2933,3907843,20
1,Vilnius,2940,1821062,20
1,Klaipeda,1252,1862690,30
1,Vilnius,2756,2248619,20
1,Klaipeda,1178,966293,30
1,Vilnius,2804,2206976,20
1,Klaipeda,1466,898866,30
1,Vilnius,2947,3647621,20
1,Vilnius,2317,2589961,20
1,Kaunas,1589,1725536,10
1,Vilnius,2934,4394126,20
1,Klaipeda,1345,1925220,30
1,Kaunas,2376,1719505,10
1,Vilnius,2875,3141730,20
1,Kaunas,1928,1999962,10
1,Kaunas,2037,1957341,10
1,Vilnius,2656,3969160,20
1,Vilnius,2340,2859702,20
1,Vilnius,2007,1536344,20
1,Kaunas,2108,2797790,10
1,Kaunas,2305,1842352,10
1,Klaipeda,1016,897579,30
1,Klaipeda,1043,650162,30
1,Vilnius,2578,2795003,20
1,Klaipeda,1223,1083171,30
1,Vilnius,2837,3935158,20
1,Klaipeda,1028,528588,30
1,Kaunas,2039,1215351,10
1,Vilnius,2194,2920401,20
1,Kaunas,2500,1899511,10
1,Vilnius,2266,2160336,20
1,Kaunas,1819,1795909,10
1,Kaunas,1916,1096683,10
1,Vilnius,2836,2583934,20
1,Vilnius,2311,1930185,20
1,Kaunas,1896,1641720,10
1,Kaunas,2121,3045890,10
1,Vilnius,2114,2064451,20
1,Kaunas,1596,1371892,10
1,Klaipeda,1142,1434284,30
1,Vilnius,2984,3179935,20
1,Vilnius,2522,2071026,20
1,Klaipeda,1366,1989129,30
1,Kaunas,2157,2162910,10
1,Klaipeda,1321,1149827,30
1,Kaunas,2101,1512469,10
1,Kaunas,1830,2272731,10
1,Klaipeda,1422,1348458,30
1,Vilnius,2408,3186347,20
1,Kaunas,2270,2244492,10
1,Kaunas,2329,2292552,10
1,Kaunas,2177,1110248,10
1,Vilnius,2385,3203082,20
1,Klaipeda,1211,1418748,30
1,Klaipeda,1460,1861274,30
1,Kaunas,1868,1352607,10
1,Vilnius,2447,2896997,20
1,Klaipeda,1173,1059063,30
1,Klaipeda,1298,1739993,30
1,Klaipeda,1220,1613082,30
1,Klaipeda,1196,1267840,30
1,Vilnius,2440,3583031,20
1,Kaunas,2492,3722634,10
1,Kaunas,2236,2446859,10
1,Vilnius,2694,3870460,20
1,Vilnius,2669,1629764,20
1,Vilnius,2178,1598125,20
1,Kaunas,2189,2187646,10
1,Kaunas,1858,2453554,10
1,Vilnius,2257,2966578,20
1,Vilnius,2562,2495722,20
1,Klaipeda,1327,1562345,30
1,Kaunas,2260,2360532,10
1,Klaipeda,1395,1436593,30
1,Vilnius,2548,1706816,20
1,Kaunas,1557,1823705,10
1,Vilnius,2380,2754281,20
1,Vilnius,2956,3251041,20
1,Klaipeda,1399,1694658,30
1,Vilnius,2003,2598920,20
1,Kaunas,2240,3104743,10
1,Klaipeda,1429,1771478,30
1,Klaipeda,1377,1797417,30
1,Klaipeda,1188,1053803,30
1,Klaipeda,1107,1232530,30
1,Klaipeda,1073,683578,30
1,Vilnius,2953,3502729,20
1,Klaipeda,1197,1470216,30
1,Vilnius,2507,3524212,20
1,Vilnius,2699,3876968,20
1,Vilnius,2186,1222898,20
1,Klaipeda,1331,1387007,30
1,Kaunas,1866,2737706,10
1,Klaipeda,1411,2010353,30
1,Vilnius,2646,1371000,20
1,Klaipeda,1220,836743,30
1,Vilnius,2853,2711055,20
1,Kaunas,2010,2673294,10
1,Klaipeda,1289,1899930,30
1,Kaunas,1776,2558854,10
1,Klaipeda,1137,1544286,30
1,Klaipeda,1453,1952838,30
1,Kaunas,2024,2928447,10
1,Klaipeda,1484,1031403,30
1,Vilnius,2744,2505492,20
1,Kaunas,1870,2557877,10
1,Vilnius,2728,3174798,20
1,Klaipeda,1269,905934,30
1,Klaipeda,1062,783777,30
1,Klaipeda,1254,1514508,30
1,Kaunas,2398,2230631,10
1,Klaipeda,1428,2002925,30
1,Kaunas,2329,1944957,10
1,Kaunas,1829,1604796,10
1,Vilnius,2537,1551315,20
1,Klaipeda,1035,1421704,30
1,Vilnius,2135,2024477,20
1,Vilnius,2567,2737661,20
1,Kaunas,1825,2015320,10
1,Klaipeda,1292,692872,30
1,Vilnius,2073,1399221,20
1,Vilnius,2415,3316860,20
1,Klaipeda,1286,1897210,30
1,Vilnius,2891,2758365,20
1,Vilnius,2834,3709574,20
1,Klaipeda,1033,1389006,30
1,Kaunas,2228,2086997,10
1,Klaipeda,1318,1930037,30
1,Klaipeda,1495,2053013,30
1,Klaipeda,1055,820977,30
1,Kaunas,1862,974572,10
1,Klaipeda,1311,936138,30
1,Vilnius,2295,1795740,20
1,Klaipeda,1137,595728,30
1,Vilnius,2578,2314900,20
1,Klaipeda,1349,1450097,30
1,Klaipeda,1107,1523403,30
1,Kaunas,1554,2298629,10
1,Klaipeda,1103,962568,30
1,Kaunas,2205,3029371,10
1,Vilnius,2097,2228390,20
1,Klaipeda,1238,1020488,30
1,Kaunas,1824,2648705,10
1,Vilnius,2259,2105705,20
1,Kaunas,2415,1531457,10
1,Vilnius,2439,2399088,20
1,Klaipeda,1002,895666,30
1,Vilnius,2160,2941471,20
1,Vilnius,2058,1379203,20
1,Vilnius,2171,2579065,20
1,Vilnius,2388,1426196,20
1,Klaipeda,1473,1788542,30
1,Kaunas,1514,2218443,10
1,Kaunas,2160,2112477,10
1,Kaunas,1653,902765,10
1,Vilnius,2773,4077809,20
1,Vilnius,2253,2104729,20
1,Vilnius,2356,1737979,20
1,Vilnius,2025,2408152,20
1,Vilnius,2356,1792127,20
1,Klaipeda,1196,1699834,30
1,Kaunas,2181,3081811,10
1,Klaipeda,1047,758983,30
1,Vilnius,2037,2904351,20
1,Kaunas,1770,1943790,10
1,Kaunas,1928,2215722,10
1,Vilnius,2970,4055765,20
1,Kaunas,2030,2196500,10
1,Kaunas,2047,2106355,10
1,Vilnius,2879,3372129,20
1,Klaipeda,1493,944569,30
1,Kaunas,2084,2928224,10
1,Klaipeda,1267,1155849,30
1,Klaipeda,1001,781747,30
1,Vilnius,2316,3381961,20
1,Kaunas,1602,2377742,10
1,Klaipeda,1162,1257934,30
l,Kaunas,1942,1882261,10
1,Klaipeda,1202,943969,30
1,Vilnius,2255,3359232,20
1,Vilnius,2767,1598171,20
1,Klaipeda,1400,1303979,30
1,Klaipeda,1352,958899,30
1,Vilnius,2842,1647659,20
1,Vilnius,2779,3920515,20
1,Kaunas,2145,1825436,10
1,Kaunas,1972,2901569,10
1,Kaunas,1733,2235016,10
1,Vilnius,2015,2948556,20
1,Klaipeda,1072,1072,30
1,Kaunas,1518,1258119,10
1,Klaipeda,1387,1275940,30
1,Klaipeda,1224,1729873,30
1,Vilnius,2710,2840177,20
1,Kaunas,2077,2745671,10
1,Vilnius,2578,1907713,20
1,Kaunas,1940,2609380,10
1,Kaunas,1639,2304255,10
1,Klaipeda,1205,1788295,30
1,Vilnius,2719,3562299,20
1,Vilnius,2805,2895247,20
1,Vilnius,2489,3569170,20
1,Vilnius,2421,2816715,20
1,Vilnius,2975,2966932,20
1,Vilnius,2051,2902251,20
1,Klaipeda,,544130,30
1,Vilnius,2019,2212423,20
1,Kaunas,2130,2203981,10
1,Klaipeda,1008,628115,30
1,Klaipeda,1035,691056,30
1,Klaipeda,1095,710082,30
1,Klaipeda,1402,2014386,30
1,Kaunas,1920,2519367,10
1,Kaunas,1885,1988102,10
1,Klaipeda,1022,1079833,30
1,Kaunas,2297,3299452,10
1,Vilnius,2777,2997917,20
1,Vilnius,2341,1580761,20
1,Kaunas,2412,3532655,10
1,Kaunas,1921,2667199,10
1,Kaunas,2385,3364439,10
1,Vilnius,2073,2201255,20
1,Vilnius,2748,1993333,20
1,Klaipeda,1375,1566266,30
1,Klaipeda,1016,681634,30
1,Kaunas,1883,1749450,10
1,Klaipeda,1227,1062936,30
1,Vilnius,2514,1562330,20
1,Vilnius,2182,1704659,20
1,Kaunas,1724,1687654,10
1,Klaipeda,1408,1382241,30
1,Klaipeda,1477,1385147,30
1,Vilnius,2951,2931425,20
1,Kaunas,2165,3099080,10
1,Klaipeda,1145,789256,30
1,Kaunas,1843,1110711,10
1,Vilnius,2982,3973353,20
1,Klaipeda,1483,1736564,30
1,Klaipeda,1184,1663504,30
1,Kaunas,2454,2994047,10
1,Kaunas,1717,1897683,10
1,Kaunas,1887,2534528,10
1,Klaipeda,1067,1130634,30
1,Vilnius,2793,1523149,20
1,Vilnius,2409,3357087,20
1,Vilnius,2906,1589586,20
1,Kaunas,1584,1872818,10
1,Klaipeda,1065,1488204,30
1,Kaunas,2081,3022504,10
1,Vilnius,2745,3266970,20
1,Klaipeda,1208,773572,30
1,Vilnius,2135,2372208,20
1,Klaipeda,1168,1672883,30
1,Kaunas,1778,2471640,10
1,Vilnius,2186,3064967,20
1,Vilnius,2666,1951419,20
1,Vilnius,2950,1804788,20
1,Klaipeda,1247,1066278,30
1,Klaipeda,1495,1950024,30
1,Vilnius,2414,2696743,20
1,Vilnius,2355,1915982,20
1,Klaipeda,1030,1205950,30
1,Klaipeda,1133,976281,30
1,Vilnius,2558,2163977,20
1,Klaipeda,1010,1164167,30
1,Vilnius,2199,3003100,20
1,Klaipeda,1005,645024,30
M,Vilnius,2482,2358151,20
1,Kaunas,1672,1030708,10
1,Klaipeda,1314,1144264,30
1,Kaunas,1686,1325792,10
1,Vilnius,2674,3238359,20
1,Klaipeda,1251,739565,30
l,Klaipeda,1043,1386060,30
1,Kaunas,1706,1228847,10
1,Kaunas,2297,1969931,10
1,Kaunas,1521,1996332,10
1,Klaipeda,1056,1342239,30
1,Kaunas,2380,3163328,10
1,Vilnius,2138,2227160,20
1,Kaunas,1811,2469506,10
1,Kaunas,1967,2333379,10
1,Kaunas,2108,1525552,10
1,Kaunas,2119,2972751,10
1,Kaunas,2029,2066880,10
1,Kaunas,1698,2185269,10
1,Klaipeda,1140,1077793,30
1,Klaipeda,1462,1198121,30
1,Kaunas,2085,2369104,10
1,Kaunas,1671,1309464,10
1,Kaunas,1618,1185460,10
1,Vilnius,2216,2751838,20
1,Klaipeda,1392,2050649,30
1,Vilnius,2292,3397039,20
1,Kaunas,1521,2079841,10
1,Vilnius,2581,1451537,20
1,Klaipeda,1034,654231,30
1,Kaunas,2285,2408867,10
1,Kaunas,1540,1625507,10
1,Kaunas,1814,1369758,10
1,Kaunas,1905,1286873,10
1,Vilnius,2176,1188974,20
1,Klaipeda,1334,784134,30
1,Klaipeda,1038,837831,30
1,Klaipeda,1003,1381925,30
1,Klaipeda,1435,998805,30
1,Vilnius,2950,2376105,20
1,Kaunas,2446,3657926,10
1,Kaunas,1766,2405550,10
1,Klaipeda,1284,732574,30
1,Klaipeda,1431,1113884,30
1,Vilnius,2006,1286561,20
1,Vilnius,2075,3107010,20
1,Klaipeda,1445,1783515,30
1,Klaipeda,1061,905097,30
1,Vilnius,2104,1141651,20
1,Klaipeda,1267,1556711,30
1,Klaipeda,1471,1720190,30
1,Kaunas,2168,2476625,10
1,Vilnius,2640,3032171,20
1,Vilnius,2155,1371120,20
M,Vilnius,2085,1528127,20
1,Klaipeda,1158,1135538,30
1,Vilnius,2792,4090859,20
1,Klaipeda,1205,1294885,30
1,Vilnius,2150,2089917,20
1,Kaunas,1698,2404295,10
1,Vilnius,2886,2006511,20
1,Vilnius,2317,2225757,20
1,Vilnius,2499,1308553,20
1,Klaipeda,1008,988318,30
1,Vilnius,2596,3768659,20
1,Vilnius,2026,1111524,20
1,Kaunas,2164,1652625,10
1,Vilnius,2235,3002783,20
1,Kaunas,1537,2007152,10
1,Vilnius,2887,2943247,20
1,Klaipeda,1307,1699433,30
1,Kaunas,1591,1183035,10
1,Kaunas,2242,2484649,10
1,Klaipeda,1177,800802,30
1,Kaunas,1505,1618997,10
1,Kaunas,1567,1029903,10
1,Vilnius,2150,2725711,20
1,Kaunas,2406,2421284,10
1,Vilnius,2348,1673095,20
1,Kaunas,1561,1353487,10
1,Vilnius,2349,2828975,20
1,Kaunas,1558,1168435,10
1,Kaunas,1568,1636298,10
1,Vilnius,2182,2303468,20
1,Kaunas,2137,1878952,10
1,Klaipeda,1349,952052,30
1,Kaunas,2203,3155811,10
1,Klaipeda,1496,2107039,30
1,Kaunas,1801,1411959,10
1,Kaunas,2449,2882278,10
1,Vilnius,2848,3675356,20
1,Klaipeda,1079,632846,30
1,Klaipeda,1492,1214266,30
1,Klaipeda,1455,737008,30
1,Klaipeda,1220,984117,30
1,Vilnius,2951,2620077,20
1,Kaunas,1530,878887,10
1,Vilnius,2142,2671990,20
1,Klaipeda,1094,693422,30
1,Klaipeda,1324,1523432,30
1,Kaunas,2488,3512465,10
1,Klaipeda,1481,1366677,30
1,Klaipeda,1476,1915747,30
1,Kaunas,1904,979269,10
1,Klaipeda,1036,889398,30
1,Klaipeda,1263,1502947,30
1,Vilnius,2706,3751493,20
1,Kaunas,2001,2103365,10
1,Kaunas,1789,2042075,10
1,Klaipeda,1233,1810576,30
1,Kaunas,1663,1834350,10
1,Kaunas,1596,955900,10
1,Kaunas,1921,1792071,10
1,Klaipeda,1474,895244,30
1,Vilnius,2178,2020480,20
1,Vilnius,2523,2932757,20
1,Kaunas,2315,2257144,10
1,Vilnius,2803,3660206,20
1,Kaunas,2182,2151308,10
1,Kaunas,2414,1380600,10
1,Kaunas,1943,1127131,10
1,Vilnius,2490,3023141,20
1,Klaipeda,1280,1740412,30
1,Kaunas,1907,2491649,10
1,Klaipeda,1138,1014027,30
1,Kaunas,2271,2707776,10
1,Klaipeda,1100,733165,30
1,Vilnius,2544,3689681,20
1,Vilnius,2154,2452226914,20
1,Kaunas,1880,1271314,10
1,Vilnius,2283,2177458,20
1,Klaipeda,1358,1658462,30
1,Klaipeda,1145,791197,30
1,Vilnius,2692,3749177,20
1,Klaipeda,1481,936437,30
1,Kaunas,1685,2033220,10
1,Vilnius,2462,3462327,20
1,Klaipeda,1175,1641666,30
1,Kaunas,2230,3176763,10
1,Vilnius,2610,1628874,20
1,Kaunas,1612,810701,10
1,Klaipeda,1474,1126685,30
1,Vilnius,2542,3210116,20
1,Vilnius,2924,1810905,20
1,Kaunas,2077,1149639,10
1,Klaipeda,1278,1325976,30
1,Vilnius,2705,3842953,20
1,Vilnius,2940,2510897,20
1,Kaunas,2150,1970149,10
1,Kaunas,1950,2279343,10
M,Vilnius,2145,1944759,20
1,Kaunas,2318,1939511,10
1,Vilnius,2277,3007687,20
1,Kaunas,2445,2843553,10
1,Kaunas,2444,2429724,10
1,Klaipeda,1308,1037049,30
1,Klaipeda,1251,708978,30
1,Vilnius,2594,1430550,20
1,Kaunas,2038,1910875,10
1,Kaunas,1590,1914314,10
1,Kaunas,1767,1805951,10
1,Vilnius,2217,3137507,20
1,Klaipeda,1384,1502411,30
1,Vilnius,2862,1606407,20
1,Kaunas,1689,2079972,10
1,Klaipeda,1067,1270415,30
1,Vilnius,2807,1716943,20
1,Vilnius,2545,2148875,20
1,Klaipeda,1026,1053064,30
1,Kaunas,1989,2525827,10
1,Vilnius,2218,2375982,20
1,Klaipeda,1040,1042730,30
1,Kaunas,2188,2185315,10
1,Klaipeda,1267,1455540,30
1,Vilnius,2503,3666654,20
1,Klaipeda,1333,1081973,30
0,Vilnius,2476,2793925,20
0,Klaipeda,1038,1487114,30
0,Kaunas,1671,2365387,10
0,Vilnius,2189,3112657,20
0,Klaipeda,1143,1081519,30
0,Kaunas,1742,1412318,10
0,Klaipeda,1136,1138470,30
0,Vilnius,2199,2265972,20
0,Vilnius,2803,2187246,20
0,Vilnius,2676,1793337,20
0,Vilnius,2963,3264122,20
0,Klaipeda,1471,1830828,30
0,Vilnius,2363,1942018,20
0,Klaipeda,1152,601061,30
0,Vilnius,2595,2375924,20
0,Klaipeda,1349,1565809,30
0,Vilnius,2039,1083597,20
0,Vilnius,2292,2143978,20
0,Kaunas,2176,1409009,10
0,Vilnius,2848,2214634,20
0,Klaipeda,1073,1506281,30
0,Klaipeda,1469,1010724,30
0,Kaunas,1770,2311042,10
0,Klaipeda,1320,922584,30
0,Klaipeda,1260,1461277,30
0,Vilnius,2240,1549300,20
0,Vilnius,2188,3157878,20
0,Kaunas,2051,1240994,10
O,Klaipeda,1362,1378643,30
0,Kaunas,1878,1403851,10
0,Vilnius,2217,1191578,20
0,Vilnius,2543,2997799,20
0,Vilnius,2197,1700690,20
0,Vilnius,2413,1280432,20
0,Vilnius,2999,2706136,20
0,Klaipeda,1036,1021446,30
0,Vilnius,2795,3204147,20
0,Vilnius,2912,1576300,20
0,Kaunas,2445,3143271,10
0,Klaipeda,1317,1218077,30
0,Kaunas,1828,2521536,10
0,Kaunas,2174,3019633,10
0,Vilnius,2014,2666159,20
0,Kaunas,1918,1244501,10
0,Klaipeda,1393,1649802,30
0,Vilnius,2882,4296114,20
0,Klaipeda,1094,1585590,30
0,Klaipeda,1341,1213339,30
0,Vilnius,2312,2875663,20
0,Vilnius,2778,1867276,20
0,Klaipeda,1137,1645191,30
0,Klaipeda,1128,988457,30
0,Kaunas,1501,993983,10
0,Vilnius,2589,3703220,20
0,Kaunas,2286,2522602,10
0,Kaunas,2214,1364328,10
0,Kaunas,2084,2771887,10
0,Kaunas,2250,1886167,10
0,Vilnius,2331,2723030,20
0,Vilnius,2778,3127374,20
0,Kaunas,2090,2903649,10
0,Kaunas,2494,1298360,10
0,Vilnius,2060,1679334,20
0,Klaipeda,1072,1312455,30
0,Klaipeda,1246,832357,30
0,Vilnius,2863,2420997,20
0,Klaipeda,1055,1104135,30
0,Vilnius,2409,1383218,20
0,Kaunas,1723,988409,10
0,Klaipeda,1100,651294,30
0,Klaipeda,1000,1066884,30
0,Vilnius,2089,1985355,20
0,Kaunas,1989,2419773,10
0,Kaunas,1873,1428411,10
0,Kaunas,2340,3189622,10
0,Klaipeda,1493,1091992,30
0,Vilnius,2270,3326305,20
0,Vilnius,2112,1964885,20
0,Kaunas,2036,2742596,10
0,Klaipeda,1325,1481214,30
0,Klaipeda,1486,1024221,30
0,Vilnius,2185,2677712,20
0,Vilnius,2662,3104086,20
0,Klaipeda,1154,1232846,30
0,Vilnius,2636,3233114,20
0,Vilnius,2899,4297506,20
0,Vilnius,2149,2532458,20
0,Kaunas,1766,1128886,10
0,Klaipeda,1193,1558701,30
0,Vilnius,2681,2290676,20
0,Vilnius,2307,1182963,20
0,Vilnius,2916,2431033,20
0,Klaipeda,1469,814663,30
0,Vilnius,2886,2939360,20
0,Vilnius,2697,3049843,20
0,Klaipeda,1209,1404491,30
0,Vilnius,2835,3756482,20
0,Vilnius,2571,2794608,20
0,Vilnius,2434,3226721,20
0,Klaipeda,1487,1518431,30
0,Vilnius,2145,2603622,20
0,Klaipeda,,955298,30
0,Kaunas,2032,1979248,10
0,Kaunas,1620,2027197,10
0,Kaunas,1866,2143381,10
0,Kaunas,2172,1792564,10
F,Klaipeda,1143,1339614,30
0,Vilnius,2030,1187631,20
0,Klaipeda,1291,1723393,30
0,Kaunas,1942,2320697,10
0,Kaunas,1839,1332442,10
0,Vilnius,2620,3395339,20
0,Kaunas,2004,1535212,10
0,Vilnius,2880,4215744,20
0,Vilnius,2171,2991883,20
0,Kaunas,2345,3015482,10
0,Klaipeda,1406,760674,30
0,Klaipeda,1495,957694,30
0,Klaipeda,1184,614104,30
0,Kaunas,1764,2121032,10
0,Klaipeda,1300,1054771,30
0,Kaunas,1861,2744300,10
0,Vilnius,2430,1674957,20
0,Vilnius,2535,1449599,20
0,Kaunas,2413,2289653,10
0,Klaipeda,1487,2081203,30
0,Klaipeda,1143,1321489,30
0,Klaipeda,1059,913734,30
0,Klaipeda,1334,1625759,30
0,Kaunas,1798,1362291,10
0,Kaunas,2119,1848067,10
0,Klaipeda,1052,1448802,30
0,Vilnius,2597,2567534,20
0,Kaunas,2445,1803914,10
0,Kaunas,2477,2115955,10
0,Vilnius,2207,2385958,20
0,Vilnius,2306,2040548,20
0,Kaunas,2263,3292324,10
0,Vilnius,2766,1725517,20
0,Klaipeda,1453,1215519,30
0,Klaipeda,1298,753474,30
0,Klaipeda,1440,2130767,30
0,Klaipeda,1085,1163165,30
0,Klaipeda,1438,1687719,30
0,Kaunas,1603,1153278,10
0,Klaipeda,1149,1286678,30
0,Kaunas,1680,1836399,10
0,Vilnius,2691,3408764,20
0,Klaipeda,1468,1154527,30
0,Kaunas,1644,1626391,10
0,Kaunas,2222,1894173,10
0,Kaunas,2175,2071372,10
0,Kaunas,2472,2365874,10
0,Kaunas,1883,2442697,10
0,Kaunas,1806,1136711,10
0,Vilnius,2791,1490893,20
0,Klaipeda,1022,881297,30
0,Vilnius,2087,1116603,20
0,Kaunas,2457,1342258,10
0,Vilnius,2064,1037173,20
0,Kaunas,1670,1507185,10
0,Vilnius,2998,4201515,20
0,Vilnius,2093,2753139,20
0,Kaunas,1762,1648237,10
0,Klaipeda,1424,1613890,30
0,Vilnius,2870,3512984,20
0,Kaunas,2018,1903523,10
0,Klaipeda,1215,1146301,30
0,Kaunas,1921,2827348,10
0,Vilnius,2629,1524767,20
0,Vilnius,2599,2121363,20
0,Vilnius,2322,1987776,20
0,Klaipeda,1261,1114195,30
0,Klaipeda,1090,1450461,30
0,Vilnius,2313,1574522,20
0,Klaipeda,1381,1907243,30
0,Kaunas,1571,2346424,10
0,Vilnius,2303,3118620,20
0,Vilnius,2984,4043967,20
0,Vilnius,2944,3626338,20
0,Kaunas,1981,2559771,10
0,Klaipeda,1124,1584436,30
F,Kaunas,1849,1623824,10
0,Klaipeda,1462,1385342,30
0,Vilnius,2983,4077311,20
0,Kaunas,2450,3364386,10
0,Vilnius,2575,2203412,20
0,Klaipeda,1351,1405591,30
0,Vilnius,2447,3382364,20
0,Klaipeda,1142,957265,30
0,Kaunas,2395,1554920,10
0,Klaipeda,1162,1521261,30
0,Klaipeda,1322,1881704,30
0,Kaunas,2058,2125246,10
0,Klaipeda,1252,763614,30
0,Vilnius,2339,2444356,20
0,Kaunas,1618,1252416,10
0,Vilnius,2127,1303948,20
0,Kaunas,1942,1880185,10
0,Vilnius,2868,3355182,20
0,Klaipeda,1308,1848522,30
0,Kaunas,1855,1984577,10
0,Klaipeda,1120,819374,30
0,Vilnius,2716,3603381,20
0,Kaunas,2404,2942126,10
0,Vilnius,2298,1504615,20
0,Klaipeda,1113,1055073,30
0,Vilnius,2508,2018871,20
0,Klaipeda,1407,1302669,30
0,Klaipeda,1224,1605610,30
0,Klaipeda,1284,943678,30
0,Klaipeda,1208,1463869,30
0,Klaipeda,1162,1475486,30
0,Kaunas,1770,1629510,10
0,Vilnius,2609,3333412,20
0,Vilnius,2341,2325133,20
0,Vilnius,2229,2699597,20
0,Kaunas,2068,2488749,10
0,Klaipeda,1476,1075219,30
0,Klaipeda,1131,1149959,30
0,Kaunas,2142,2605985,10
0,Klaipeda,1432,718960,30
0,Vilnius,2027,1562760,20
0,Kaunas,1577,1491957,10
0,Vilnius,2246,2824943,20
0,Vilnius,2601,3793912,20
0,Kaunas,1504,2109233,10
0,Klaipeda,1300,758877,30
0,Vilnius,2390,1505707,20
0,Kaunas,2021,1453415,10
0,Kaunas,1923,1744251,10
0,Kaunas,2448,1411120,10
0,Vilnius,2325,2419398,20
0,Vilnius,2978,2815787,20
0,Vilnius,2449,2248022,20
0,Kaunas,2130,2673955,10
0,Klaipeda,1481,1480045,30
0,Vilnius,2721,3914299,20
0,Vilnius,2164,1657800,20
0,Kaunas,1947,2751143,10
0,Vilnius,2308,2213011,20
0,Klaipeda,1231,784098,30
0,Kaunas,2235,2890352,10
0,Vilnius,2869,3699500,20
0,Vilnius,2692,3212397,20
0,Klaipeda,1261,1352090,30
0,Vilnius,2907,4291216,20
0,Kaunas,2283,1338770,10
0,Klaipeda,1242,1452527,30
0,Vilnius,2532,2889407,20
0,Kaunas,2034,1926728,10
0,Vilnius,2431,3428207,20
0,Klaipeda,1015,783838,30
0,Vilnius,2618,2419312,20
0,Kaunas,1821,919776,10
0,Kaunas,1973,1194701,10
0,Vilnius,2501,2826829,20
0,Kaunas,1997,1219313,10
0,Kaunas,2120,1897988,10
0,Klaipeda,1252,728145,30
0,Kaunas,2461,2957400,10
0,Kaunas,1828,1643106,10
0,Kaunas,1501,2047997,10
0,Klaipeda,1376,1995490,30
0,Vilnius,2528,3592821,20
0,Kaunas,2285,3155063,10
0,Klaipeda,1143,1180856,30
0,Kaunas,1992,2925094,10
0,Kaunas,1703,1845119,10
0,Kaunas,2206,2675903,10
0,Klaipeda,1017,1132883,30
0,Kaunas,2002,2656170,10
0,Vilnius,2033,2379126,20
0,Klaipeda,1400,769214,30
0,Kaunas,2344,3101353,10
0,Kaunas,2246,1138954,10
0,Kaunas,2438,3548414,10
0,Klaipeda,1426,1804121,30
0,Vilnius,2479,1648026,20
0,Vilnius,2605,1944582,20
0,Kaunas,1979,2338816,10
0,Vilnius,2347,1734073,20
0,Kaunas,1814,972046,10
0,Klaipeda,1118,1480870,30
0,Klaipeda,1090,1438627,30
0,Klaipeda,1358,1830184,30
0,Klaipeda,1429,2085874,30
0,Kaunas,1855,1847885,10
0,Vilnius,2992,3093160,20
0,Kaunas,1914,2445638,10
0,Klaipeda,1206,1673463,30
0,Vilnius,2005,1956379,20
0,Kaunas,2066,1321512,10
0,Kaunas,1826,2252426,10
0,Klaipeda,1190,1335382,30
0,Vilnius,2296,1568710,20
0,Kaunas,2396,2048008,10
0,Klaipeda,1211,1260077,30
0,Klaipeda,1139,1403014,30
0,Vilnius,2940,2554926,20
0,Kaunas,2358,1264739,10
0,Kaunas,1848,2156127,10
0,Kaunas,1642,1366675,10
0,Klaipeda,1163,806108,30
0,Klaipeda,1379,1777139,30
0,Kaunas,2422,2827292,10
0,Kaunas,2445,1345709,10
0,Klaipeda,1452,1453004,30
0,Klaipeda,1261,839121,30
0,Vilnius,2185,2620472,20
0,Vilnius,2285,3133706,20
0,Vilnius,2324,3087918,20
0,Klaipeda,1068,1598376,30
0,Vilnius,2712,2898343,20
0,Vilnius,2778,1836272,20
0,Vilnius,2080,1606379,20
0,Klaipeda,1500,1452107,30
0,Kaunas,2108,3000109,10
0,Vilnius,2726,1729027,20
0,Vilnius,2829,4035965,20
0,Kaunas,1945,1312226,10
0,Kaunas,2136,1985196,10
0,Vilnius,2307,2678242,20
0,Klaipeda,1225,777006,30
0,Vilnius,2432,3548109,20
0,Kaunas,2195,2849867,10
0,Klaipeda,1076,771248,30
0,Vilnius,2257,3377052,20
0,Klaipeda,1468,751522,30
0,Kaunas,2471,3103102,10
0,Kaunas,1851,1969380,10
0,Klaipeda,1291,1211288,30
0,Klaipeda,1132,1669597,30
0,Vilnius,2194,2847986,20
0,Klaipeda,1180,770395,30
0,Kaunas,1580,2349987,10
0,Kaunas,2470,3596978,10
0,Vilnius,2663,1981779,20
0,Kaunas,1589,1661705,10
0,Klaipeda,1404,1204143,30
0,Klaipeda,1241,1039279,30
0,Klaipeda,1249,1723687,30
0,Kaunas,1972,2854875,10
0,Vilnius,2274,2074622,20
0,Vilnius,2309,1626042,20
0,Vilnius,2547,1861639,20
0,Klaipeda,1046,1177562,30
0,Kaunas,2274,3201712,10
0,Vilnius,2985,3649614,20
0,Klaipeda,1380,1407080,30
0,Klaipeda,1403,2090635,30
0,Klaipeda,1387,1827472,30
0,Klaipeda,1212,1473749,30
0,Kaunas,2072,1737227,10
0,Kaunas,2160,1826970,10
0,Klaipeda,1144,798470,30
0,Vilnius,2900,1571075,20
0,Klaipeda,1134,631156,30
0,Klaipeda,1327,1371285,30
0,Vilnius,2094,1536033,20
0,Kaunas,1814,2137052,10
0,Vilnius,2870,1935800,20
0,Vilnius,2407,1889415,20
0,Vilnius,2595,1794701,20
0,Kaunas,1524,1245094,10
0,Vilnius,2094,2406414,20
0,Klaipeda,1232,805384,30
0,Kaunas,1577,2332855,10
0,Klaipeda,1497,1212218,30
0,Kaunas,2436,2966498,10
0,Kaunas,2447,2880791,10
0,Kaunas,1762,1411584,10
0,Vilnius,2378,1414312,20
0,Vilnius,2926,2342033,20
0,Klaipeda,1283,1649388,30
0,Kaunas,1931,2151325,10
0,Kaunas,1699,2063840,10
0,Klaipeda,1052,533636,30
0,Kaunas,1935,2094100,10
0,Klaipeda,1174,1091898,30
0,Kaunas,2197,1124715,10
0,Klaipeda,1416,970660,30
0,Klaipeda,1090,1217275,30
0,Klaipeda,1137,1378232,30
0,Vilnius,2657,1409576,20
0,Klaipeda,1000,1073179,30
0,Vilnius,2593,2053874,20
0,Kaunas,1879,2616994,10
0,Kaunas,1812,1319646,10
0,Vilnius,2159,2477320,20
0,Kaunas,1677,2288084,10
0,Klaipeda,1158,1170490,30
0,Vilnius,2941,2778374,20
0,Vilnius,2501,2847405,20
0,Kaunas,2297,2396265,10
0,Vilnius,2270,2155112,20
0,Kaunas,1768,2368179,10
0,Kaunas,1893,1987117,10
0,Kaunas,2313,2924340,10
0,Kaunas,2353,3301967,10
0,Kaunas,2477,1365349,10
0,Vilnius,2420,2967576,20
0,Kaunas,1687,866097,10
0,Klaipeda,1183,697897,30
0,Vilnius,2064,2801894,20
0,Klaipeda,1300,1308626,30
0,Kaunas,2454,3589389,10
0,Klaipeda,1195,1160770,30
0,Vilnius,2939,3725674,20
0,Kaunas,2139,2437197,10
0,Klaipeda,1450,2017583,30
0,Kaunas,2206,1573175,10
0,Vilnius,2078,2988712,20
0,Vilnius,2655,2696042,20
0,Klaipeda,1396,1854080,30
0,Klaipeda,1095,700635,30
0,Kaunas,2396,1706747,10
0,Vilnius,2164,1695101,20
0,Vilnius,2291,2304246,20
0,Vilnius,2810,1920577,20
0,Klaipeda,1355,699071,30
0,Vilnius,2427,1681530,20
0,Kaunas,1810,1276598,10
0,Vilnius,2239,1979147,20
0,Kaunas,2312,2356203,10
0,Kaunas,1859,2649445,10
0,Kaunas,2309,2098486,10
0,Vilnius,2915,2065491,20
0,Kaunas,1595,1659959,10
0,Kaunas,2423,3629681,10
0,Klaipeda,1493,1420786,30
0,Klaipeda,1396,1791031,30
0,Kaunas,1792,1896106,10
0,Kaunas,1720,2130090,10
0,Kaunas,2132,1670640,10
0,Kaunas,2332,2192397,10
0,Vilnius,2427,2811343,20
0,Vilnius,2075,2355485,20
0,Kaunas,1691,2479895,10
0,Kaunas,1631,2279016,10
0,Vilnius,2580,2257734,20
0,Vilnius,2250,1394798,20
0,Kaunas,1506,1186364,10
0,Vilnius,2793,2239237,20
0,Kaunas,2057,2486173,10
0,Vilnius,2224,2398677,20
0,Vilnius,2588,1914694,20
0,Vilnius,2910,2121893,20
0,Vilnius,2303,3273037,20
0,Vilnius,2624,2132597,20
0,Klaipeda,1126,696694,30
0,Klaipeda,1026,1112118,30
0,Vilnius,2964,1619523,20
0,Vilnius,2308,1960865,20
0,Kaunas,1671,1290579,10
0,Klaipeda,1092,832653,30
0,Kaunas,2017,2670603,10
0,Klaipeda,1453,1008894,30
0,Vilnius,2073,2486252,20
0,Klaipeda,1109,1258202,30
0,Klaipeda,1256,896388,30
0,Klaipeda,1383,1910021,30
0,Kaunas,2158,1821570,10
0,Vilnius,2324,1399583,20
0,Vilnius,2827,1588209,20
0,Klaipeda,1154,1604461,30
0,Vilnius,2094,2395919,20
0,Klaipeda,1303,912632,30
0,Kaunas,1972,2905072,10
0,Klaipeda,1422,1231550,30
0,Klaipeda,1043,608313,30
0,Vilnius,2330,3269888,20
0,Kaunas,2009,1631968,10
0,Klaipeda,1464,1688459,30
0,Kaunas,1784,2376252,10
0,Vilnius,2374,2404177,20
0,Vilnius,2572,2815864,20
0,Klaipeda,1374,1040841,30
0,Kaunas,1972,2210279,10
0,Klaipeda,1083,1586070,30
0,Klaipeda,1129,1291753,30
0,Kaunas,1763,1665038,10
0,Vilnius,2644,1521258,20
0,Kaunas,1879,1655473,10
0,Vilnius,2043,1624144,20
0,Kaunas,1658,1027400,10
0,Kaunas,2368,1714381,10
0,Klaipeda,1432,1245595,30
0,Kaunas,2437,2396761,10
0,Vilnius,2391,3067042,20
0,Klaipeda,1243,1005252,30
0,Kaunas,2214,2838733,10
0,Vilnius,2939,3289738,20
0,Klaipeda,1429,1388228,30
0,Vilnius,2244,2641350,20
0,Vilnius,2071,1814220,20
0,Vilnius,2543,3501494,20
0,Kaunas,1525,2175388,10
0,Klaipeda,1297,1703915,30
0,Vilnius,2573,1606716,20
0,Klaipeda,1437,1681776,30
0,Kaunas,1567,854412,10
0,Kaunas,1596,1273926,10
0,Klaipeda,1460,2026079,30
0,Kaunas,1782,1051011,10
0,Kaunas,2457,2604632,10
0,Klaipeda,1406,1098338,30
0,Klaipeda,1027,941246,30
0,Klaipeda,1364,1326075,30
0,Kaunas,2374,2355485,10
0,Klaipeda,1279,850436,30
0,Klaipeda,1143,1168720,30
0,Kaunas,1914,2067915,10
0,Kaunas,2132,1922247,10
0,Klaipeda,1049,1424503,30
0,Klaipeda,1164,1449947,30
0,Vilnius,2842,3317159,20
0,Klaipeda,1354,1808817,30
0,Vilnius,2344,3343202,20
0,Vilnius,2489,3456468,20
0,Vilnius,2710,3631118,20
0,Kaunas,1998,2797108,10
0,Klaipeda,1262,1631478,30
0,Klaipeda,1243,877200,30
0,Klaipeda,1088,662843,30
0,Kaunas,2391,2052729,10
0,Klaipeda,1050,1407320,30
0,Kaunas,2445,1828436,10
0,Vilnius,2668,3771974,20
0,Vilnius,2749,1776412,20
0,Kaunas,2165,2306948,10
0,Vilnius,2138,1883045,20
0,Klaipeda,1186,934548,30
0,Vilnius,2176,2144498,20
0,Kaunas,2077,1784319,10
0,Klaipeda,1097,1139889,30
0,Kaunas,2075,1976823,10
0,Kaunas,1841,2041276,10
0,Vilnius,2170,1275378,20
0,Klaipeda,1491,1317856,30
0,Kaunas,1766,1961419,10
0,Vilnius,2246,2919572,20
0,Kaunas,2353,2113340,10
0,Kaunas,2275,3336973,10
0,Vilnius,2258,2135839,20
0,Vilnius,2435,3226042,20
0,Klaipeda,1304,827512,30
0,Klaipeda,1200,1240862,30
0,Vilnius,2853,1576544,20
0,Kaunas,1648,1602197,10
0,Kaunas,1615,1027505,10
0,Kaunas,1847,1967714,10
0,Vilnius,2271,2043078,20
0,Kaunas,2274,2048359,10
0,Kaunas,2460,2892446,10
0,Kaunas,2159,2960390,10
0,Kaunas,2473,2901366,10
0,Kaunas,1570,1534388,10
0,Klaipeda,1397,755843,30
0,Vilnius,2652,2658271,20
0,Vilnius,2330,2425390,20
0,Klaipeda,1188,1438369,30
0,Vilnius,2056,2966367,20
0,Vilnius,2002,1878367,20
0,Klaipeda,1296,1127203,30
0,Kaunas,2031,2384429,10
0,Kaunas,2021,1819747,10
0,Vilnius,2007,2025668,20
0,Vilnius,2239,2268107,20
0,Vilnius,2178,1179704,20
0,Kaunas,2306,1772406,10
0,Klaipeda,1049,1163070,30
0,Vilnius,2131,1755074,20
0,Vilnius,2434,2142529,20
0,Vilnius,2537,3493378,20
0,Kaunas,1548,2281538,10
0,Kaunas,2470,3194007,10
0,Vilnius,2844,3446614,20
0,Vilnius,2926,2443852,20
0,Klaipeda,1276,1459386,30
0,Vilnius,2743,3038976,20
0,Klaipeda,1308,752967,30
0,Vilnius,2509,2591822,20
0,Vilnius,2148,1605842,20
0,Kaunas,1752,2507305,10
0,Vilnius,2934,3708166,20
0,Klaipeda,1041,955957,30
0,Vilnius,2775,2165160,20
0,Klaipeda,1274,1082795,30
0,Kaunas,2177,3100017,10
0,Kaunas,2464,3489719,10
0,Klaipeda,1192,1519007,30
0,Kaunas,2451,2342931,10
0,Vilnius,2048,2431059,20
0,Kaunas,2321,3396358,10
0,Klaipeda,1087,1217780,30
0,Vilnius,2306,1496330,20
0,Kaunas,1881,1970063,10
0,Kaunas,1696,1131555,10
0,Klaipeda,1296,1325617,30
0,Klaipeda,1429,1955318,30
0,Kaunas,2040,1148895,10
0,Klaipeda,1330,1661587,30
0,Vilnius,2231,2258667,20
0,Klaipeda,1439,1330421,30
0,Kaunas,2122,1749437,10
0,Klaipeda,1002,1155577,30
0,Kaunas,1759,2468759,10
0,Kaunas,1683,2143222,10
0,Vilnius,2336,1657469,20
0,Klaipeda,1146,1650607,30
0,Klaipeda,1444,1938756,30
0,Vilnius,2646,3251829,20
0,Vilnius,2226,1725872,20
0,Kaunas,1832,1061956,10
0,Kaunas,1653,1653040,10
0,Kaunas,2020,2817430,10
0,Kaunas,2250,3205484,10
0,Klaipeda,1050,697210,30
0,Vilnius,2800,2726613,20
0,Kaunas,1922,2551176,10
0,Klaipeda,1364,1475584,30
0,Klaipeda,1337,873543,30
0,Kaunas,1843,2254723,10
0,Klaipeda,1491,888977,30
0,Klaipeda,1395,945043,30
0,Klaipeda,1339,1756187,30
0,Kaunas,1952,1494688,10
0,Klaipeda,1190,859164,30
0,Klaipeda,1351,1294554,30
0,Kaunas,2250,3214522,10
0,Vilnius,2264,2566631,20
0,Vilnius,2189,2578814,20
0,Kaunas,2462,3235691,10
0,Klaipeda,1415,2014257,30
0,Klaipeda,1457,2048107,30
0,Kaunas,2339,3245966,10
0,Kaunas,1858,1784840,10
0,Kaunas,1623,2117032,10
0,Kaunas,2264,1918743,10
0,Kaunas,1627,835988,10
0,Kaunas,2014,2849610,10
0,Kaunas,1514,1067450,10
0,Kaunas,1963,2413137,10
0,Vilnius,2881,3059078,20
0,Kaunas,2230,2227667,10
0,Vilnius,3000,3920710,20
0,Kaunas,1760,1717745,10
0,Vilnius,2995,3112586,20
0,Vilnius,2997,1941809,20
0,Klaipeda,1084,1062648,30
0,Vilnius,2358,2170694,20
0,Kaunas,2209,2646953,10
0,Vilnius,2456,3465435,20
0,Kaunas,2246,1590688,10
0,Klaipeda,1160,1732458,30
0,Vilnius,2700,2457477,20
0,Kaunas,1569,1077516,10
0,Kaunas,2404,3563666,10
0,Kaunas,1748,2377603,10
0,Klaipeda,1327,679739,30
0,Klaipeda,1162,748004,30
0,Kaunas,2281,2707770,10
0,Kaunas,2473,2058593,10
0,Klaipeda,1025,545049,30
0,Klaipeda,1035,1461826,30
0,Klaipeda,1077,993052,30
0,Klaipeda,1269,746535,30
0,Kaunas,1777,2423690,10
0,Klaipeda,1201,1641749,30
0,Klaipeda,1374,1241944,30
0,Vilnius,2999,4287708,20
0,Vilnius,2065,2166516,20
0,Klaipeda,1162,1070486,30
0,Klaipeda,1064,660772,30
0,Klaipeda,1328,1920204,30
0,Kaunas,2500,2575675,10
0,Kaunas,2078,1417975,10
0,Klaipeda,1116,1466560,30
0,Vilnius,2134,1724494,20
0,Vilnius,2552,3189078,20
0,Klaipeda,1142,1033432,30
0,Kaunas,2257,1448822,10
0,Kaunas,1631,1287609,10
0,Klaipeda,1208,753105,30
0,Kaunas,2116,1422592,10
0,Vilnius,2437,3581948,20
0,Vilnius,2959,3916588,20
0,Klaipeda,1393,2053180,30
0,Klaipeda,1016,897006,30
0,Kaunas,1964,2213144,10
0,Kaunas,1961,1132397,10
0,Vilnius,2329,2219449,20
0,Klaipeda,1427,1646538,30
0,Kaunas,2163,2244529,10
0,Vilnius,2277,2059682,20
0,Kaunas,2423,3354074,10
0,Vilnius,2452,2509910,20
0,Kaunas,1521,2265352,10
0,Klaipeda,1042,803560,30
0,Kaunas,1786,1875267,10
0,Vilnius,2411,3204312,20
0,Vilnius,2760,2781628,20
0,Vilnius,2036,2038400,20
0,Vilnius,2984,2095045,20
0,Vilnius,2130,2195895,20
0,Klaipeda,1029,679019,30
0,Vilnius,2994,2721714,20
0,Vilnius,2016,2981564,20
0,Vilnius,2512,1643193,20
0,Klaipeda,1384,1014370,30
0,Kaunas,1739,2524223,10
0,Kaunas,1562,789641,10
0,Vilnius,2013,2627152,20
0,Kaunas,2419,3323573,10
0,Kaunas,1747,1999537,10
0,Klaipeda,1406,1421206,30
0,Vilnius,2831,3328617,20
0,Klaipeda,1284,1692386,30
0,Klaipeda,1007,741584,30
0,Vilnius,2551,1320035,20
0,Klaipeda,1182,1217870,30
0,Klaipeda,1318,1727089,30
0,Klaipeda,1305,1711540,30
0,Kaunas,1531,953383,10
0,Klaipeda,1125,1012175,30
0,Klaipeda,1215,1765164,30
0,Kaunas,2254,2409411,10
0,Klaipeda,1347,804694,30
0,Klaipeda,1386,998563,30
0,Kaunas,2461,1326390,10
0,Klaipeda,1225,645090,30
0,Klaipeda,1342,980813,30
0,Vilnius,2751,2180750,20
0,Vilnius,2156,1572556,20
0,Kaunas,1510,2084690,10
0,Kaunas,1851,968533,10
0,Kaunas,1704,1659386,10
0,Kaunas,2221,2811161,10
0,Kaunas,1575,2230542,10
0,Klaipeda,1096,1201846,30
0,Klaipeda,1166,921739,30
0,Klaipeda,1283,1289870,30
0,Klaipeda,1331,1642503,30
0,Klaipeda,1319,1040827,30
0,Kaunas,1544,1499368,10
0,Kaunas,2167,1850926,10
0,Kaunas,2250,2673218,10
0,Vilnius,2745,2488250,20
0,Klaipeda,1055,1492494,30
0,Vilnius,2444,1455035,20
0,Vilnius,2169,1826924,20
0,Kaunas,1881,2573035,10
0,Kaunas,2057,1255421,10
0,Klaipeda,1278,701751,30
0,Kaunas,1904,1500145,10
0,Klaipeda,1125,1473349,30
0,Kaunas,2348,1837780,10
0,Klaipeda,1029,752266,30
0,Klaipeda,1377,981829,30
0,Klaipeda,1066,839908,30
0,Klaipeda,1081,555066,30
0,Vilnius,2267,3319321,20
0,Kaunas,1870,2042050,10
0,Klaipeda,1012,1390614,30
0,Vilnius,2830,1510427,20
0,Vilnius,2928,3571091,20
0,Vilnius,2692,2504383,20
0,Klaipeda,1099,1054829,30
0,Vilnius,2685,2016047,20
0,Klaipeda,1227,1283997,30
0,Klaipeda,1083,818404,30
0,Kaunas,1742,1320712,10
0,Vilnius,2171,1396822,20
0,Klaipeda,1192,1589134,30
0,Vilnius,2462,1572991,20
0,Klaipeda,1469,1370464,30
0,Vilnius,2941,3157232,20
0,Kaunas,2115,1827203,10
0,Kaunas,2368,1418820,10
0,Vilnius,2361,2978301,20
0,Klaipeda,1121,787875,30
0,Klaipeda,1247,767929,30
0,Klaipeda,1351,676206,30
0,Vilnius,2332,3261339,20
0,Vilnius,2675,2221969,20
0,Klaipeda,1170,1344808,30
0,Vilnius,2903,1771297,20
0,Vilnius,2955,2614770,20
0,Kaunas,1658,2000833,10
0,Klaipeda,1427,1333208,30
0,Klaipeda,1065,572713,30
0,Klaipeda,1068,611582,30
0,Vilnius,2421,2600113,20
0,Klaipeda,1270,847716,30
0,Klaipeda,1024,1346289,30
0,Klaipeda,1416,952743,30
0,Vilnius,2627,3099886,20
0,Klaipeda,1496,1961255,30
0,Vilnius,2738,2793451,20
0,Vilnius,2335,3368992,20
0,Kaunas,1955,1172046,10
0,Vilnius,2271,3173998,20
0,Kaunas,2125,3031660,10
0,Vilnius,2737,2192351,20
0,Kaunas,1725,2221086,10
0,Vilnius,2589,1395620,20
0,Vilnius,2432,3406332,20
0,Klaipeda,1124,1261146,30
0,Klaipeda,1292,926452,30
0,Vilnius,2880,3844541,20
0,Vilnius,2172,1456321,20
0,Klaipeda,1460,2003281,30
0,Vilnius,2025,1283609,20
0,Kaunas,1863,2605577,10
0,Kaunas,1633,2138498,10
0,Klaipeda,1142,898060,30
0,Vilnius,2734,1878204,20
0,Kaunas,2169,1974367,10
0,Kaunas,2366,2590600,10
0,Klaipeda,1464,2142108,30
0,Klaipeda,1498,1675764,30
0,Klaipeda,1450,1359453,30
0,Klaipeda,1170,1345690,30
0,Vilnius,2090,2154489,20
0,Kaunas,2434,2941084,10
0,Kaunas,2034,2145652,10
0,Vilnius,2589,2147748,20
0,Vilnius,2059,1618321,20
0,Vilnius,2502,2828721,20
0,Klaipeda,1361,916388,30
0,Vilnius,2818,3882689,20
0,Vilnius,2122,1876532,20
0,Kaunas,1791,2073591,10
0,Klaipeda,1146,587861,30
0,Vilnius,2827,3969444,20
0,Kaunas,2304,2937231,10
0,Klaipeda,1179,1047172,30
0,Klaipeda,1324,1249972,30
0,Kaunas,2190,2402846,10
0,Kaunas,2228,2186373,10
0,Vilnius,2332,3037665,20
0,Klaipeda,1256,674456,30
0,Vilnius,2417,2799743,20
0,Kaunas,2475,2559805,10
0,Kaunas,2326,2772577,10
0,Klaipeda,1107,858279,30
0,Klaipeda,1242,748821,30
0,Klaipeda,1309,1215693,30
0,Vilnius,2338,2889475,20
0,Kaunas,2004,2810407,10
0,Klaipeda,1380,1839189,30
0,Klaipeda,1351,1297968,30
0,Klaipeda,1424,953604,30
0,Vilnius,2547,2278188,20
0,Kaunas,1760,1788762,10
0,Klaipeda,1391,1517809,30
0,Kaunas,2365,3247621,10
0,Kaunas,1807,1247028,10
0,Klaipeda,1405,1873326,30
0,Kaunas,1703,1781734,10
0,Klaipeda,1127,731884,30
0,Vilnius,2564,3207623,20
0,Vilnius,2814,3478830,20
0,Kaunas,1608,805735,10
0,Vilnius,2840,3693951,20
0,Vilnius,2663,3425829,20
0,Kaunas,1517,1819546,10
0,Kaunas,1982,1600507,10
0,Klaipeda,1130,1113031,30
0,Klaipeda,1276,1304589,30
0,Klaipeda,1493,950547,30
0,Kaunas,1865,1862389,10
0,Klaipeda,1250,758385,30
0,Vilnius,2584,3335689,20
0,Klaipeda,1261,1531661,30
0,Kaunas,2385,2948791,10
0,Klaipeda,1060,1458824,30
0,Vilnius,2285,2469238,20
0,Klaipeda,1199,874233,30